{
    "Alabama": [
        0.6974,
        0.71178
    ],
    "Alaska": [
        0.11615,
        0.86271
    ],
    "Arizona": [
        0.21615,
        0.62804
    ],
    "Arkansas": [
        0.58281,
        0.65433
    ],
    "California": [
        0.07708,
        0.52678
    ],
    "Colorado": [
        0.3375,
        0.4927
    ],
    "Connecticut": [
        0.92448,
        0.33885
    ],
    "Delaware": [
        0.89375,
        0.44985
    ],
    "Florida": [
        0.82396,
        0.87926
    ],
    "Georgia": [
        0.76615,
        0.70886
    ],
    "Hawaii": [
        0.27396,
        0.91821
    ],
    "Idaho": [
        0.2026,
        0.29698
    ],
    "Illinois": [
        0.63281,
        0.4518
    ],
    "Indiana": [
        0.69635,
        0.44985
    ],
    "Iowa": [
        0.55885,
        0.39533
    ],
    "Kansas": [
        0.47552,
        0.53067
    ],
    "Kentucky": [
        0.71562,
        0.54333
    ],
    "Louisiana": [
        0.58802,
        0.80721
    ],
    "Maine": [
        0.95781,
        0.18208
    ],
    "Maryland": [
        0.86875,
        0.43135
    ],
    "Massachusetts": [
        0.93542,
        0.30088
    ],
    "Michigan": [
        0.71719,
        0.33885
    ],
    "Minnesota": [
        0.53958,
        0.25706
    ],
    "Mississippi": [
        0.6401,
        0.70983
    ],
    "Missouri": [
        0.57396,
        0.5258
    ],
    "Montana": [
        0.30625,
        0.18403
    ],
    "Nebraska": [
        0.45365,
        0.41772
    ],
    "Nevada": [
        0.13906,
        0.42843
    ],
    "New Hampshire": [
        0.93125,
        0.2668
    ],
    "New Jersey": [
        0.90365,
        0.40506
    ],
    "New Mexico": [
        0.31875,
        0.65531
    ],
    "New York": [
        0.875,
        0.30867
    ],
    "North Carolina": [
        0.82708,
        0.59007
    ],
    "North Dakota": [
        0.43542,
        0.18403
    ],
    "Ohio": [
        0.7526,
        0.45278
    ],
    "Oklahoma": [
        0.49792,
        0.63389
    ],
    "Oregon": [
        0.09896,
        0.23272
    ],
    "Pennsylvania": [
        0.84427,
        0.38559
    ],
    "Rhode Island": [
        0.94479,
        0.32717
    ],
    "South Carolina": [
        0.81406,
        0.65433
    ],
    "South Dakota": [
        0.43802,
        0.32035
    ],
    "Tennessee": [
        0.69167,
        0.61149
    ],
    "Texas": [
        0.4651,
        0.78384
    ],
    "Utah": [
        0.23542,
        0.46056
    ],
    "Vermont": [
        0.90833,
        0.24148
    ],
    "Virginia": [
        0.84167,
        0.50925
    ],
    "Washington": [
        0.1224,
        0.11782
    ],
    "Washington D. C.": [
        0.86458,
        0.45278
    ],
    "West Virginia": [
        0.79427,
        0.49367
    ],
    "Wisconsin": [
        0.61979,
        0.30282
    ],
    "Wyoming": [
        0.32031,
        0.3408
    ]
}