{
    "C. Bosfor": [
        0.62878,
        0.82524
    ],
    "C. Dardanela": [
        0.59578,
        0.84466
    ],
    "C. Gibraltarska": [
        0.10724,
        0.82524
    ],
    "Etna": [
        0.41613,
        0.89442
    ],
    "G. Alpy": [
        0.3758,
        0.65777
    ],
    "G. Apeniny": [
        0.39322,
        0.75243
    ],
    "G. Ba\u0142kany": [
        0.56187,
        0.78883
    ],
    "G. Betyckie": [
        0.12741,
        0.79976
    ],
    "G. Dolomity": [
        0.39138,
        0.67597
    ],
    "G. Dynarskie": [
        0.45371,
        0.75121
    ],
    "G. Harz": [
        0.3923,
        0.53519
    ],
    "G. Kaledo\u0144skie": [
        0.26948,
        0.31432
    ],
    "G. Karpaty": [
        0.51329,
        0.61529
    ],
    "G. Pireneje": [
        0.23098,
        0.70874
    ],
    "G. Skandynawskie": [
        0.48213,
        0.1966
    ],
    "G. Sudety": [
        0.45371,
        0.5716
    ],
    "G. Ural": [
        0.88818,
        0.23665
    ],
    "Gerlach": [
        0.50321,
        0.62015
    ],
    "J. Balaton": [
        0.46563,
        0.6699
    ],
    "J. Bode\u0144skie": [
        0.36297,
        0.6335
    ],
    "J. Genewskie": [
        0.31989,
        0.65049
    ],
    "J. Onega": [
        0.66361,
        0.28641
    ],
    "J. Wener": [
        0.4473,
        0.3665
    ],
    "J. \u0141adoga": [
        0.62786,
        0.32039
    ],
    "K. Kattegat": [
        0.42255,
        0.41383
    ],
    "K. La Manche": [
        0.28506,
        0.51578
    ],
    "K. Skagerrak": [
        0.41155,
        0.37743
    ],
    "M. Adriatyckie": [
        0.42621,
        0.76456
    ],
    "M. Azowskie": [
        0.72594,
        0.68811
    ],
    "M. Barentsa": [
        0.6407,
        0.01942
    ],
    "M. Ba\u0142tyckie": [
        0.50412,
        0.39078
    ],
    "M. Bia\u0142e": [
        0.67828,
        0.17961
    ],
    "M. Czarne": [
        0.69569,
        0.76456
    ],
    "M. Egejskie": [
        0.56737,
        0.87985
    ],
    "M. Norweskie": [
        0.38863,
        0.04976
    ],
    "M. P\u00f3\u0142nocne": [
        0.33731,
        0.37864
    ],
    "M. \u015ar\u00f3dziemne": [
        0.45188,
        0.95874
    ],
    "Mont Blanc": [
        0.32814,
        0.66748
    ],
    "N. Angielska": [
        0.26489,
        0.48908
    ],
    "N. Czarnomorska": [
        0.66544,
        0.6699
    ],
    "N. Francuska": [
        0.2429,
        0.58617
    ],
    "N. Nadkaspijska": [
        0.87534,
        0.60437
    ],
    "N. Niemiecka": [
        0.39872,
        0.50485
    ],
    "N. Polska": [
        0.50137,
        0.54612
    ],
    "N. Wschodnioeuropejska": [
        0.72319,
        0.38592
    ],
    "P. Apeni\u0144ski": [
        0.39597,
        0.78762
    ],
    "P. Azja Mniejsza": [
        0.66453,
        0.87985
    ],
    "P. Ba\u0142ka\u0144ski": [
        0.53896,
        0.81796
    ],
    "P. Breto\u0144ski": [
        0.20715,
        0.5449
    ],
    "P. Iberyjski": [
        0.15582,
        0.73422
    ],
    "P. Jutlandzki": [
        0.39047,
        0.43325
    ],
    "P. Skandynawski": [
        0.4528,
        0.25728
    ],
    "Prz. P\u00f3\u0142nocny": [
        0.57287,
        0.06432
    ],
    "Prz. Roca": [
        0.07241,
        0.7233
    ],
    "R. Dniepr": [
        0.67094,
        0.68204
    ],
    "R. Dniestr": [
        0.64253,
        0.69417
    ],
    "R. Dunaj": [
        0.62878,
        0.72451
    ],
    "R. Dwina": [
        0.69753,
        0.20631
    ],
    "R. D\u017awina": [
        0.56095,
        0.42597
    ],
    "R. Loara": [
        0.22181,
        0.58374
    ],
    "R. Niemen": [
        0.52521,
        0.46359
    ],
    "R. Odra": [
        0.44455,
        0.50121
    ],
    "R. Pad": [
        0.3923,
        0.70995
    ],
    "R. Ren": [
        0.32264,
        0.50243
    ],
    "R. Rodan": [
        0.29423,
        0.71602
    ],
    "R. Sekwana": [
        0.26489,
        0.54854
    ],
    "R. Tag": [
        0.08249,
        0.72816
    ],
    "R. Tamiza": [
        0.27223,
        0.49029
    ],
    "R. Ural": [
        0.90926,
        0.58252
    ],
    "R. Wis\u0142a": [
        0.49496,
        0.48544
    ],
    "R. Wo\u0142ga": [
        0.87626,
        0.6335
    ],
    "R. \u0141aba": [
        0.39047,
        0.48058
    ],
    "W. Masyw Centralny": [
        0.28689,
        0.67961
    ],
    "W. Podolska": [
        0.61228,
        0.63471
    ],
    "Wezuwiusz": [
        0.41522,
        0.82403
    ],
    "Ws. Baleary": [
        0.23923,
        0.78277
    ],
    "Ws. Ibiza": [
        0.21815,
        0.80947
    ],
    "Ws. Irlandia": [
        0.2044,
        0.39927
    ],
    "Ws. Islandia": [
        0.24106,
        0.07767
    ],
    "Ws. Korsyka": [
        0.33914,
        0.7682
    ],
    "Ws. Kreta": [
        0.5692,
        0.97451
    ],
    "Ws. Majorka": [
        0.24381,
        0.79733
    ],
    "Ws. Malta": [
        0.3978,
        0.94539
    ],
    "Ws. Nowa Ziemia": [
        0.75069,
        0.01699
    ],
    "Ws. Owcze": [
        0.29056,
        0.20146
    ],
    "Ws. Rodos": [
        0.60953,
        0.95146
    ],
    "Ws. Sardynia": [
        0.33272,
        0.82039
    ],
    "Ws. Sycylia": [
        0.40147,
        0.89806
    ],
    "Ws. Wielka Brytania": [
        0.2594,
        0.44417
    ],
    "Z. Biskajska": [
        0.1989,
        0.63471
    ],
    "Z. Botnicka": [
        0.51237,
        0.29369
    ],
    "Z. Fi\u0144ska": [
        0.57745,
        0.34345
    ],
    "Z. Ryska": [
        0.55179,
        0.40049
    ]
}